{
  "model": {
    "type": "minecraft:condition",
    "model": "minecraft:item/bow",
    "property": "minecraft:has_component",
    "component": "minecraft:custom_name",
    "on_true": {
      "type": "minecraft:select",
      "property": "minecraft:component",
      "component": "minecraft:custom_name",
      "cases": [
        {
          "when": "Kugelschreiber",
          "model": {
            "type": "minecraft:model",
            "model": "minecraft:item/kugelschreiber"
          }
        }
      ],
      "fallback": {
        "type": "minecraft:model",
        "model": "minecraft:item/bow"
      }
    },
    "on_false": {
      "type": "minecraft:model",
      "model": "minecraft:item/bow"
    }
  }
}