{
  "model": {
    "type": "minecraft:condition",
    "model": "minecraft:item/netherite_sword",
    "property": "minecraft:has_component",
    "component": "minecraft:custom_data",
    "on_true": {
      "type": "minecraft:select",
      "property": "minecraft:component",
      "component": "minecraft:custom_data",
      "cases": [
        {
          "when": {"id": "taenzerklinge"},
          "model": {
            "type": "minecraft:model",
            "model": "minecraft:item/taenzerklinge"
          }
        }
      ],
      "fallback": {
        "type": "minecraft:model",
        "model": "minecraft:item/netherite_sword"
      }
    },
    "on_false": {
      "type": "minecraft:model",
      "model": "minecraft:item/netherite_sword"
    }
  }
}
