{
  "model": {
    "type": "minecraft:condition",
    "property": "minecraft:has_component",
    "component": "minecraft:custom_name",

    "on_true": {
      "type": "minecraft:select",
      "property": "minecraft:component",
      "component": "minecraft:custom_name",
      "cases": [
        {
          "when": "The Core Koffer",
          "model": {
            "type": "minecraft:model",
            "model": "minecraft:item/koffer"
          }
        }
      ],
      "fallback": {
        "type": "minecraft:special",
        "base": "minecraft:item/shulker_box",
        "model": {
          "type": "minecraft:shulker_box",
          "texture": "minecraft:shulker",
          "openness": 0.0,
          "orientation": "up"
        }
      }
    },

    "on_false": {
      "type": "minecraft:special",
      "base": "minecraft:item/shulker_box",
      "model": {
        "type": "minecraft:shulker_box",
        "texture": "minecraft:shulker",
        "openness": 0.0,
        "orientation": "up"
      }
    }
  }
}
