{
	"format_version": "1.21.6",
	"credit": "peaceful",
	"parent": "koffer",
	"textures": {
		"7": "item/koffer",
		"particle": "koffer"
	},
	"elements": [
		{
			"name": "0",
			"from": [-8, 0, 2],
			"to": [24, 20, 14],
			"rotation": {"angle": 0, "axis": "y", "origin": [7.5, 10, 4]},
			"faces": {
				"north": {"uv": [0, 0, 8, 5], "texture": "#7"},
				"east": {"uv": [8, 6, 11, 11], "texture": "#7"},
				"south": {"uv": [0, 5, 8, 10], "texture": "#7"},
				"west": {"uv": [0, 10, 3, 15], "texture": "#7"},
				"up": {"uv": [16, 3, 8, 0], "texture": "#7"},
				"down": {"uv": [16, 3, 8, 6], "texture": "#7"}
			}
		},
		{
			"name": "7",
			"from": [3.5, 22.5, 7],
			"to": [12.5, 24.5, 9],
			"rotation": {"angle": 0, "axis": "y", "origin": [3.5, 22, 7]},
			"faces": {
				"north": {"uv": [11, 6, 13.25, 6.5], "texture": "#7"},
				"east": {"uv": [5, 11.5, 5.5, 12], "texture": "#7"},
				"south": {"uv": [11, 6.5, 13.25, 7], "texture": "#7"},
				"west": {"uv": [5.5, 11.5, 6, 12], "texture": "#7"},
				"up": {"uv": [9.25, 11.5, 7, 11], "texture": "#7"},
				"down": {"uv": [13.25, 7, 11, 7.5], "texture": "#7"}
			}
		},
		{
			"name": "6",
			"from": [12.25, 19.5, 6.75],
			"to": [14.75, 20.5, 9.25],
			"rotation": {"angle": 0, "axis": "y", "origin": [1.25, 19.5, 6.75]},
			"faces": {
				"north": {"uv": [11.5, 10, 12.125, 10.25], "texture": "#7"},
				"east": {"uv": [11.5, 10.25, 12.125, 10.5], "texture": "#7"},
				"south": {"uv": [10.5, 11.5, 11.125, 11.75], "texture": "#7"},
				"west": {"uv": [11.5, 10.5, 12.125, 10.75], "texture": "#7"},
				"up": {"uv": [11.625, 8.875, 11, 8.25], "texture": "#7"},
				"down": {"uv": [11.625, 9, 11, 9.625], "texture": "#7"}
			}
		},
		{
			"name": "5",
			"from": [1.25, 19.5, 6.75],
			"to": [3.75, 20.5, 9.25],
			"rotation": {"angle": 0, "axis": "y", "origin": [1.25, 19.5, 6.75]},
			"faces": {
				"north": {"uv": [7, 10.75, 7.625, 11], "texture": "#7"},
				"east": {"uv": [7, 10.75, 7.625, 11], "texture": "#7"},
				"south": {"uv": [7, 10.75, 7.625, 11], "texture": "#7"},
				"west": {"uv": [7, 10.75, 7.625, 11], "texture": "#7"},
				"up": {"uv": [7.625, 10.625, 7, 10], "texture": "#7"},
				"down": {"uv": [11.625, 7.5, 11, 8.125], "texture": "#7"}
			}
		},
		{
			"name": "4",
			"from": [1.5, 20.5, 7],
			"to": [3.5, 22.5, 9],
			"rotation": {"angle": 0, "axis": "y", "origin": [1.5, 20, 7]},
			"faces": {
				"north": {"uv": [11.25, 10.75, 11.75, 11.25], "texture": "#7"},
				"east": {"uv": [11.25, 11.25, 11.75, 11.75], "texture": "#7"},
				"south": {"uv": [3, 11.5, 3.5, 12], "texture": "#7"},
				"west": {"uv": [3.5, 11.5, 4, 12], "texture": "#7"},
				"up": {"uv": [4.5, 12, 4, 11.5], "texture": "#7"},
				"down": {"uv": [5, 11.5, 4.5, 12], "texture": "#7"}
			}
		},
		{
			"name": "3",
			"from": [12.5, 20.5, 7],
			"to": [14.5, 22.5, 9],
			"rotation": {"angle": 0, "axis": "y", "origin": [12.5, 20, 7]},
			"faces": {
				"north": {"uv": [9.25, 11, 9.75, 11.5], "texture": "#7"},
				"east": {"uv": [9.75, 11, 10.25, 11.5], "texture": "#7"},
				"south": {"uv": [11, 9.75, 11.5, 10.25], "texture": "#7"},
				"west": {"uv": [10.25, 11, 10.75, 11.5], "texture": "#7"},
				"up": {"uv": [11.5, 10.75, 11, 10.25], "texture": "#7"},
				"down": {"uv": [11.25, 11, 10.75, 11.5], "texture": "#7"}
			}
		},
		{
			"name": "2",
			"from": [-4.75, 20, 5],
			"to": [-0.75, 20.5, 11],
			"rotation": {"angle": 0, "axis": "y", "origin": [-4.75, 20, 4.75]},
			"faces": {
				"north": {"uv": [11.75, 7.5, 12.75, 7.625], "texture": "#7"},
				"east": {"uv": [9, 11.5, 10.5, 11.625], "texture": "#7"},
				"south": {"uv": [11.75, 7.75, 12.75, 7.875], "texture": "#7"},
				"west": {"uv": [11.5, 9.75, 13, 9.875], "texture": "#7"},
				"up": {"uv": [6, 11.5, 5, 10], "texture": "#7"},
				"down": {"uv": [7, 10, 6, 11.5], "texture": "#7"}
			}
		},
		{
			"name": "1",
			"from": [16.75, 20, 5],
			"to": [20.75, 20.5, 11],
			"rotation": {"angle": 0, "axis": "y", "origin": [16.75, 20, 4.75]},
			"faces": {
				"north": {"uv": [6, 11.75, 7, 11.875], "texture": "#7"},
				"east": {"uv": [6, 11.5, 7.5, 11.625], "texture": "#7"},
				"south": {"uv": [7, 11.75, 8, 11.875], "texture": "#7"},
				"west": {"uv": [7.5, 11.5, 9, 11.625], "texture": "#7"},
				"up": {"uv": [4, 11.5, 3, 10], "texture": "#7"},
				"down": {"uv": [5, 10, 4, 11.5], "texture": "#7"}
			}
		}
	],
	"display": {
		"thirdperson_righthand": {
			"rotation": [75, 90, 16],
			"translation": [0.5, -2, -5.5],
			"scale": [0.35, 0.35, 0.35]
		},
		"thirdperson_lefthand": {
			"rotation": [75, 90, 16],
			"translation": [0.5, -2, -5.5],
			"scale": [0.35, 0.35, 0.35]
		},
		"firstperson_righthand": {
			"rotation": [0, 85, 10],
			"translation": [2, 2, 2.75],
			"scale": [0.22, 0.22, 0.22]
		},
		"firstperson_lefthand": {
			"rotation": [0, 85, 10],
			"translation": [2, 1.5, 2.75],
			"scale": [0.22, 0.22, 0.22]
		},
		"ground": {
			"translation": [0, 3, 0],
			"scale": [0.5, 0.5, 0.5]
		},
		"gui": {
			"rotation": [31, -43, 0],
			"translation": [0, -0.75, 0],
			"scale": [0.4, 0.4, 0.4]
		},
		"fixed": {
			"rotation": [90, 0, -180],
			"translation": [0, -1.25, -5],
			"scale": [0.84, 0.84, 0.84]
		},
		"on_shelf": {
			"scale": [0.54, 0.54, 0.54]
		}
	},
	"groups": [
		{
			"name": "koffer",
			"origin": [8, 8, 8],
			"color": 0,
			"children": [0, 1, 2, 3, 4, 5, 6, 7]
		}
	]
}