{
	"format_version": "1.21.10",
	"credit": "peaceful",
	"textures": {
		"0": "item/kugelschreiber",
		"particle": "item/kugelschreiber"
	},
	"elements": [
		{
			"from": [7, 1, 7],
			"to": [9, 14, 9],
			"rotation": {"angle": 0, "axis": "y", "origin": [7, 1, 7]},
			"faces": {
				"north": {"uv": [0, 0, 2, 13], "texture": "#0"},
				"east": {"uv": [2, 0, 4, 13], "texture": "#0"},
				"south": {"uv": [4, 0, 6, 13], "texture": "#0"},
				"west": {"uv": [6, 0, 8, 13], "texture": "#0"},
				"up": {"uv": [10, 2, 8, 0], "texture": "#0"},
				"down": {"uv": [10, 2, 8, 4], "texture": "#0"}
			}
		},
		{
			"from": [7.25, 0.5, 7.25],
			"to": [8.75, 1, 8.75],
			"rotation": {"angle": 0, "axis": "y", "origin": [7, 0, 7]},
			"faces": {
				"north": {"uv": [11, 0, 13, 1], "texture": "#0"},
				"east": {"uv": [11, 1, 13, 2], "texture": "#0"},
				"south": {"uv": [11, 2, 13, 3], "texture": "#0"},
				"west": {"uv": [11, 3, 13, 4], "texture": "#0"},
				"up": {"uv": [10, 6, 8, 4], "texture": "#0"},
				"down": {"uv": [10, 6, 8, 8], "texture": "#0"}
			}
		},
		{
			"from": [7.5, 2.5, 9],
			"to": [8.5, 3.5, 9.5],
			"rotation": {"angle": 0, "axis": "y", "origin": [7.5, 2.5, 9]},
			"faces": {
				"north": {"uv": [8, 12, 9, 13], "texture": "#0"},
				"east": {"uv": [12, 8, 13, 9], "texture": "#0"},
				"south": {"uv": [9, 12, 10, 13], "texture": "#0"},
				"west": {"uv": [12, 9, 13, 10], "texture": "#0"},
				"up": {"uv": [11, 13, 10, 12], "texture": "#0"},
				"down": {"uv": [13, 10, 12, 11], "texture": "#0"}
			}
		},
		{
			"from": [7.5, 3.5, 9.5],
			"to": [8.5, 7.5, 10],
			"rotation": {"angle": 0, "axis": "y", "origin": [7.5, 3.5, 9.5]},
			"faces": {
				"north": {"uv": [8, 8, 9, 12], "texture": "#0"},
				"east": {"uv": [9, 8, 10, 12], "texture": "#0"},
				"south": {"uv": [10, 0, 11, 4], "texture": "#0"},
				"west": {"uv": [10, 4, 11, 8], "texture": "#0"},
				"up": {"uv": [12, 13, 11, 12], "texture": "#0"},
				"down": {"uv": [13, 11, 12, 12], "texture": "#0"}
			}
		},
		{
			"from": [7.25, 14, 7.25],
			"to": [8.75, 15.25, 8.75],
			"rotation": {"angle": 0, "axis": "y", "origin": [7.25, 14, 7]},
			"faces": {
				"north": {"uv": [11, 4, 13, 5], "texture": "#0"},
				"east": {"uv": [11, 5, 13, 6], "texture": "#0"},
				"south": {"uv": [11, 6, 13, 7], "texture": "#0"},
				"west": {"uv": [11, 7, 13, 8], "texture": "#0"},
				"up": {"uv": [12, 10, 10, 8], "texture": "#0"},
				"down": {"uv": [12, 10, 10, 12], "texture": "#0"}
			}
		},
		{
			"from": [7.5, 15.25, 7.5],
			"to": [8.5, 16.25, 8.5],
			"rotation": {"angle": 0, "axis": "y", "origin": [7.25, 15.25, 7]},
			"faces": {
				"north": {"uv": [12, 12, 13, 13], "texture": "#0"},
				"east": {"uv": [0, 13, 1, 14], "texture": "#0"},
				"south": {"uv": [13, 0, 14, 1], "texture": "#0"},
				"west": {"uv": [1, 13, 2, 14], "texture": "#0"},
				"up": {"uv": [14, 2, 13, 1], "texture": "#0"},
				"down": {"uv": [3, 13, 2, 14], "texture": "#0"}
			}
		},
		{
			"from": [7.75, 16.25, 7.75],
			"to": [8.25, 16.75, 8.25],
			"rotation": {"angle": 0, "axis": "y", "origin": [7.25, 16.25, 7]},
			"faces": {
				"north": {"uv": [13, 2, 14, 3], "texture": "#0"},
				"east": {"uv": [3, 13, 4, 14], "texture": "#0"},
				"south": {"uv": [13, 3, 14, 4], "texture": "#0"},
				"west": {"uv": [4, 13, 5, 14], "texture": "#0"},
				"up": {"uv": [14, 5, 13, 4], "texture": "#0"},
				"down": {"uv": [6, 13, 5, 14], "texture": "#0"}
			}
		}
	],
	"display": {
		"thirdperson_righthand": {
			"translation": [0, -2, -0.5],
			"scale": [0.5, 0.5, 0.5]
		},
		"thirdperson_lefthand": {
			"translation": [0, -2, -0.5],
			"scale": [0.5, 0.5, 0.5]
		},
		"firstperson_righthand": {
			"rotation": [-35, 5, 10],
			"translation": [4.5, 2.5, -1],
			"scale": [0.5, 0.5, 0.5]
		},
		"firstperson_lefthand": {
			"rotation": [-35, 5, 10],
			"translation": [4.5, 2.5, -1],
			"scale": [0.5, 0.5, 0.5]
		},
		"ground": {
			"rotation": [45, -180, 0],
			"translation": [0, 0, 0],
			"scale": [0.5, 0.5, 0.5]
		},
		"gui": {
			"rotation": [0, 0, -45]
		},
		"fixed": {
			"rotation": [0, -180, 0]
		}
	}
}